{"assets/HOME-SCREEN.png":["assets/HOME-SCREEN.png"],"assets/MEF.png":["assets/MEF.png"],"assets/MEF.svg":["assets/MEF.svg"],"assets/PJSP-1.png":["assets/PJSP-1.png"],"assets/PJSP-2.png":["assets/PJSP-2.png"],"assets/PJSP-3.png":["assets/PJSP-3.png"],"assets/PJSP.png":["assets/PJSP.png"],"assets/PJSP.svg":["assets/PJSP.svg"],"assets/db_pjsp.sqlite":["assets/db_pjsp.sqlite"],"assets/homescreen.png":["assets/homescreen.png"],"assets/pjspsql.db":["assets/pjspsql.db"],"assets/retraite.png":["assets/retraite.png"],"assets/solde.png":["assets/solde.png"],"assets/solde_round.png":["assets/solde_round.png"],"packages/cupertino_icons/assets/CupertinoIcons.ttf":["packages/cupertino_icons/assets/CupertinoIcons.ttf"],"pension-removebg-preview.png":["assets/pension-removebg-preview.png"],"pension_2-removebg-preview.png":["assets/pension_2-removebg-preview.png"],"pension_4-removebg-preview.png":["assets/pension_4-removebg-preview.png"],"pension__1_-removebg-preview.png":["assets/pension__1_-removebg-preview.png"],"solde1-removebg-preview.png":["assets/solde1-removebg-preview.png"],"solde_3-removebg-preview.png":["assets/solde_3-removebg-preview.png"]}